date,title,url,status
2026-02-24 16:24:09,Security Verification,https://www.nio.cn/nio-power,Blocked (Security Verification)
2026-02-24 17:43:07,未找到,未找到,https://www.nio.cn/nio-power
2026-02-25 19:35:26,未找到,未找到,https://www.nio.cn/nio-power
2026-02-26 18:11:25,未找到,未找到,https://www.nio.cn/nio-power
2026-02-27 17:56:42,未找到,未找到,https://www.nio.cn/nio-power
2026-02-28 16:53:14,未找到,未找到,https://www.nio.cn/nio-power
2026-03-01 16:55:52,未找到,未找到,https://www.nio.cn/nio-power
2026-03-02 18:03:45,未找到,未找到,https://www.nio.cn/nio-power
2026-03-03 18:05:15,未找到,未找到,https://www.nio.cn/nio-power
2026-03-04 18:01:17,未找到,未找到,https://www.nio.cn/nio-power
2026-03-05 19:47:33,未找到,未找到,https://www.nio.cn/nio-power
2026-03-06 17:55:51,未找到,未找到,https://www.nio.cn/nio-power
2026-03-07 16:54:36,未找到,未找到,https://www.nio.cn/nio-power
2026-03-08 16:57:07,未找到,未找到,https://www.nio.cn/nio-power
2026-03-09 18:07:36,未找到,未找到,https://www.nio.cn/nio-power
2026-03-10 18:09:17,未找到,未找到,https://www.nio.cn/nio-power
2026-03-11 18:36:36,未找到,未找到,https://www.nio.cn/nio-power
2026-03-12 18:11:37,未找到,未找到,https://www.nio.cn/nio-power
2026-03-13 17:54:27,未找到,未找到,https://www.nio.cn/nio-power
2026-03-14 17:02:14,未找到,未找到,https://www.nio.cn/nio-power
2026-03-15 17:02:27,未找到,未找到,https://www.nio.cn/nio-power
2026-03-16 19:37:46,未找到,未找到,https://www.nio.cn/nio-power
2026-03-17 19:39:26,未找到,未找到,https://www.nio.cn/nio-power
2026-03-18 18:40:50,未找到,未找到,https://www.nio.cn/nio-power
2026-03-19 18:11:46,"6,770,470,501","3,760",https://www.nio.cn/nio-power
2026-03-20 17:56:23,"704,971,501","3,761",https://www.nio.cn/nio-power
2026-03-21 16:59:41,"902,382,501","3,761",https://www.nio.cn/nio-power
2026-03-22 17:00:33,"457,783,501","3,763",https://www.nio.cn/nio-power
2026-03-23 18:46:41,"525,184,501","3,764",https://www.nio.cn/nio-power
2026-03-24 19:38:24,"165,575,501","3,765",https://www.nio.cn/nio-power
2026-03-25 18:38:56,"125,966,501","3,766",https://www.nio.cn/nio-power
2026-03-26 16:58:51,"585,167,501","3,767",https://www.nio.cn/nio-power
2026-03-27 16:53:24,"464,568,501","3,769",https://www.nio.cn/nio-power
2026-03-28 16:32:38,"840,079,501","3,770",https://www.nio.cn/nio-power
2026-03-29 16:33:06,"7,815,670,601","3,770",https://www.nio.cn/nio-power
2026-03-30 16:54:24,"268,961,601","3,773",https://www.nio.cn/nio-power
2026-03-31 16:55:34,"80,898,762,601","3,786",https://www.nio.cn/nio-power
2026-04-01 16:52:13,"343,963,601","3,786",https://www.nio.cn/nio-power
2026-04-02 16:55:08,"687,274,601","3,788",https://www.nio.cn/nio-power
2026-04-03 16:37:53,"967,306,601","3,788",https://www.nio.cn/nio-power
2026-04-04 16:33:29,"462,557,601","3,789",https://www.nio.cn/nio-power
2026-04-05 16:34:41,"95,126,098,601","3,789",https://www.nio.cn/nio-power
2026-04-06 16:43:30,"70,011,530,701","3,789",https://www.nio.cn/nio-power
2026-04-07 16:56:16,"84,349,331,701","3,789",https://www.nio.cn/nio-power
2026-04-08 16:59:16,"306,622,701","3,790",https://www.nio.cn/nio-power
2026-04-09 17:06:36,"909,813,701","3,789",https://www.nio.cn/nio-power
2026-04-10 16:48:37,"673,714,701","3,791",https://www.nio.cn/nio-power
2026-04-11 16:34:09,"2,471,515,701","3,791",https://www.nio.cn/nio-power
2026-04-12 16:36:44,"3,402,616,701","3,791",https://www.nio.cn/nio-power
2026-04-13 17:02:16,"5,609,607,701","3,792",https://www.nio.cn/nio-power
2026-04-14 17:04:14,"799,697,701","3,792",https://www.nio.cn/nio-power
2026-04-15 17:01:25,"175,788,701","3,794",https://www.nio.cn/nio-power
2026-04-16 17:12:26,"5,699,979,701","3,794",https://www.nio.cn/nio-power
2026-04-17 16:54:20,"92,451,180,801","3,794",https://www.nio.cn/nio-power
2026-04-18 16:37:23,"117,281,801","3,794",https://www.nio.cn/nio-power
2026-04-19 16:37:32,"4,531,782,801","3,795",https://www.nio.cn/nio-power
2026-04-20 17:02:24,"355,083,801","3,795",https://www.nio.cn/nio-power
2026-04-21 16:58:33,"782,274,801","3,795",https://www.nio.cn/nio-power
2026-04-22 16:57:11,"139,665,801","3,796",https://www.nio.cn/nio-power
2026-04-23 17:17:47,"253,366,801","3,798",https://www.nio.cn/nio-power
2026-04-24 16:53:53,"720,467,801","3,799",https://www.nio.cn/nio-power
2026-04-25 16:38:43,"3,515,568,801","3,801",https://www.nio.cn/nio-power
2026-04-26 16:40:11,"174,969,801","3,804",https://www.nio.cn/nio-power
2026-04-27 17:20:12,"552,360,901","3,807",https://www.nio.cn/nio-power
2026-04-28 17:45:45,"965,061,901","3,809",https://www.nio.cn/nio-power
2026-04-29 17:26:19,"265,962,901","3,812",https://www.nio.cn/nio-power
2026-04-30 17:18:32,"626,714,901","3,838",https://www.nio.cn/nio-power
2026-05-01 16:56:22,"168,285,901","3,838",https://www.nio.cn/nio-power
2026-05-02 16:43:26,"718,827,901","3,838",https://www.nio.cn/nio-power
2026-05-03 16:46:11,"4,622,488,901","3,838",https://www.nio.cn/nio-power
2026-05-04 17:28:28,"332,250,011","3,838",https://www.nio.cn/nio-power
2026-05-05 17:25:30,"849,991,011","3,838",https://www.nio.cn/nio-power
2026-05-06 17:28:43,"6,754,792,011","3,838",https://www.nio.cn/nio-power
2026-05-07 17:46:26,"204,093,011","3,839",https://www.nio.cn/nio-power
2026-05-08 17:14:41,"996,184,011","3,840",https://www.nio.cn/nio-power
2026-05-09 16:52:57,"475,875,011","3,841",https://www.nio.cn/nio-power
2026-05-10 16:53:00,"431,976,011","3,842",https://www.nio.cn/nio-power
2026-05-11 17:53:14,"275,377,011","3,843",https://www.nio.cn/nio-power
2026-05-12 17:58:39,"844,668,011","3,844",https://www.nio.cn/nio-power
2026-05-13 18:00:30,"630,069,011","3,845",https://www.nio.cn/nio-power
2026-05-14 17:47:47,"637,350,111","3,846",https://www.nio.cn/nio-power
2026-05-15 17:26:00,"968,551,111","3,847",https://www.nio.cn/nio-power
2026-05-16 16:56:50,"450,952,111","3,848",https://www.nio.cn/nio-power
2026-05-17 16:55:16,"5,652,563,111","3,849",https://www.nio.cn/nio-power
2026-05-18 17:59:58,"4,638,164,111","3,850",https://www.nio.cn/nio-power
2026-05-19 18:03:56,"12,390,744,133,891,217,122",未找到,https://www.nio.cn/nio-power
2026-05-20 18:14:25,"14,172,878,221,123,761,990",未找到,https://www.nio.cn/nio-power
2026-05-21 17:54:55,"5,949,746,229,602,454,002",未找到,https://www.nio.cn/nio-power
2026-05-22 17:49:25,"13,778,858,847,535,794,086",未找到,https://www.nio.cn/nio-power
2026-05-23 16:57:37,"9,456,909,168,949,113,656",未找到,https://www.nio.cn/nio-power
2026-05-24 16:58:11,"14,948,081,210,711,770,011",未找到,https://www.nio.cn/nio-power
2026-05-25 17:42:07,"6,096,027,821,439,290,833",未找到,https://www.nio.cn/nio-power
2026-05-26 18:23:55,"9,943,673,848,958,747,423",未找到,https://www.nio.cn/nio-power
2026-05-27 18:25:14,"11,926,783,335,127,881,055",未找到,https://www.nio.cn/nio-power
2026-05-28 18:35:00,"6,498,448,161,476,474,440",未找到,https://www.nio.cn/nio-power
2026-05-29 18:31:09,"4,085,303,139,804,046,894",未找到,https://www.nio.cn/nio-power
2026-05-30 17:00:42,"14,900,015,315,285,039,678",未找到,https://www.nio.cn/nio-power
2026-05-31 17:03:51,"6,603,314,639,207,758,443",未找到,https://www.nio.cn/nio-power
2026-06-01 20:15:47,"12,008,339,894,149,879,458",未找到,https://www.nio.cn/nio-power
2026-06-02 19:40:08,"10,623,189,250,557,454,714",未找到,https://www.nio.cn/nio-power
2026-06-03 19:47:01,"2,173,335,431,721,512,320",未找到,https://www.nio.cn/nio-power
2026-06-04 18:13:44,"6,948,438,033,390,461,822",未找到,https://www.nio.cn/nio-power
2026-06-05 17:54:58,"6,372,626,198,082,263,519",未找到,https://www.nio.cn/nio-power
2026-06-06 17:10:21,"7,747,413,392,085,212,519",未找到,https://www.nio.cn/nio-power
2026-06-07 17:14:14,"12,199,078,641,529,190,932",未找到,https://www.nio.cn/nio-power
2026-06-08 18:24:13,"17,622,658,666,939,355,874",未找到,https://www.nio.cn/nio-power
2026-06-09 18:00:30,"10,024,966,434,012,691,933",未找到,https://www.nio.cn/nio-power
2026-06-10 18:29:57,"468,161,104,517,223,701",未找到,https://www.nio.cn/nio-power
2026-06-11 18:46:13,"6,849,643,209,462,410,720",未找到,https://www.nio.cn/nio-power
2026-06-12 18:04:45,"17,794,258,282,266,710,462",未找到,https://www.nio.cn/nio-power
2026-06-13 17:20:18,"18,269,122,876,783,369,289",未找到,https://www.nio.cn/nio-power
2026-06-14 17:18:32,"56,108,954,549,825,471",未找到,https://www.nio.cn/nio-power
2026-06-15 19:46:22,"9,091,522,356,493,554,252",未找到,https://www.nio.cn/nio-power
2026-06-16 19:31:46,"14,968,273,111,324,040,075",未找到,https://www.nio.cn/nio-power
2026-06-17 18:13:22,"14,741,530,454,866,027,744",未找到,https://www.nio.cn/nio-power
2026-06-18 18:32:17,"9,146,140,711,626,883,302",未找到,https://www.nio.cn/nio-power
2026-06-19 17:54:31,"344,482,873,816,422,971",未找到,https://www.nio.cn/nio-power
2026-06-20 17:24:10,"16,607,700,662,186,731,757",未找到,https://www.nio.cn/nio-power
2026-06-21 17:26:13,"18,375,200,256,615,200,963",未找到,https://www.nio.cn/nio-power
2026-06-22 19:24:18,"10,004,654,526,869,714,219",未找到,https://www.nio.cn/nio-power
2026-06-23 17:50:41,"8,509,584,831,956,267,579",未找到,https://www.nio.cn/nio-power
2026-06-24 17:52:39,"7,171,917,502,440,362,455",未找到,https://www.nio.cn/nio-power
2026-06-25 18:08:23,"5,635,379,098,741,493,128",未找到,https://www.nio.cn/nio-power
2026-06-26 17:45:12,"14,560,543,346,663,514,801",未找到,https://www.nio.cn/nio-power
2026-06-27 17:06:57,"437,739,588,407,616,340",未找到,https://www.nio.cn/nio-power
2026-06-28 17:07:05,"1,361,802,761,116,283,914",未找到,https://www.nio.cn/nio-power
2026-06-29 18:08:07,"16,660,078,020,778,893,807",未找到,https://www.nio.cn/nio-power
2026-06-30 17:50:58,"3,355,092,285,662,698,592",未找到,https://www.nio.cn/nio-power
2026-07-01 17:52:48,"7,101,657,605,584,511,776",未找到,https://www.nio.cn/nio-power
2026-07-02 17:44:47,"3,667,958,266,070,528,459",未找到,https://www.nio.cn/nio-power
2026-07-03 17:22:37,"17,400,086,047,065,745,458",未找到,https://www.nio.cn/nio-power
2026-07-04 17:01:46,"14,179,264,829,748,233,719",未找到,https://www.nio.cn/nio-power
2026-07-05 17:06:38,"2,118,390,128,901,358,190",未找到,https://www.nio.cn/nio-power
2026-07-06 18:09:52,"331,799,379,943,440,976",未找到,https://www.nio.cn/nio-power
2026-07-07 17:57:21,"11,817,497,360,300,147,733",未找到,https://www.nio.cn/nio-power
2026-07-08 17:26:45,"18,262,101,012,551,739,391",未找到,https://www.nio.cn/nio-power
2026-07-09 17:53:28,"5,884,542,381,430,796,296",未找到,https://www.nio.cn/nio-power
2026-07-10 17:45:36,"10,928,969,038,938,858,494",未找到,https://www.nio.cn/nio-power
2026-07-11 16:54:09,"11,285,915,587,139,780,361",未找到,https://www.nio.cn/nio-power
2026-07-12 16:56:33,"3,499,017,763,766,931,040",未找到,https://www.nio.cn/nio-power
2026-07-13 17:53:09,"874,967,549,498,964,295",未找到,https://www.nio.cn/nio-power
2026-07-14 17:12:24,"5,264,949,127,028,085,301",未找到,https://www.nio.cn/nio-power
2026-07-15 17:14:55,"6,866,725,647,216,062,639",未找到,https://www.nio.cn/nio-power
2026-07-16 17:12:55,"7,689,518,634,289,303,416",未找到,https://www.nio.cn/nio-power
2026-07-17 17:08:51,"956,290,235,812,123,065",未找到,https://www.nio.cn/nio-power
2026-07-18 16:54:24,"15,233,325,566,803,809,339",未找到,https://www.nio.cn/nio-power
2026-07-19 16:55:49,"3,580,854,981,522,672,848",未找到,https://www.nio.cn/nio-power
2026-07-20 17:58:55,"8,655,433,252,441,421,738",未找到,https://www.nio.cn/nio-power
2026-07-21 17:14:53,"6,924,324,529,215,590,227",未找到,https://www.nio.cn/nio-power
2026-07-22 17:15:18,"11,982,553,146,423,026,624",未找到,https://www.nio.cn/nio-power
2026-07-23 17:19:54,"3,915,349,817,172,092,207",未找到,https://www.nio.cn/nio-power
2026-07-24 17:28:01,"14,563,359,452,205,777,202",未找到,https://www.nio.cn/nio-power
2026-07-25 16:54:23,"15,465,397,458,575,578,125",未找到,https://www.nio.cn/nio-power
2026-07-26 16:56:06,"16,685,142,377,040,604,135",未找到,https://www.nio.cn/nio-power
2026-07-27 17:40:25,"8,890,304,372,818,388,334",未找到,https://www.nio.cn/nio-power
2026-07-28 17:24:10,"9,358,661,492,666,839,133",未找到,https://www.nio.cn/nio-power
2026-07-29 17:12:44,"12,661,254,908,419,961,406",未找到,https://www.nio.cn/nio-power
2026-07-30 17:23:59,"16,620,716,018,814,278,423",未找到,https://www.nio.cn/nio-power
2026-07-31 17:26:33,"15,165,424,989,625,483,678",未找到,https://www.nio.cn/nio-power
2026-08-01 16:56:42,"13,209,344,260,901,494,002",未找到,https://www.nio.cn/nio-power
2026-08-02 16:55:30,"18,090,194,478,955,455,624",未找到,https://www.nio.cn/nio-power
2026-08-03 17:48:46,"14,857,389,033,867,790,855",未找到,https://www.nio.cn/nio-power
2026-08-04 17:47:01,"2,670,734,246,275,313,954",未找到,https://www.nio.cn/nio-power
2026-08-05 17:26:58,"10,747,773,758,221,994,462",未找到,https://www.nio.cn/nio-power
2026-08-07 16:51:58,"11,346,516,680,880,697,978",未找到,https://www.nio.cn/nio-power
2026-08-08 16:29:58,"8,748,237,924,998,570",未找到,https://www.nio.cn/nio-power
2026-08-09 16:31:18,"7,524,626,069,849,477,436",未找到,https://www.nio.cn/nio-power
2026-08-10 16:51:58,"13,113,035,123,808,252,496",未找到,https://www.nio.cn/nio-power
2026-08-11 16:55:10,"12,847,003,691,529,757,212",未找到,https://www.nio.cn/nio-power
2026-08-12 16:54:40,"16,713,200,220,290,600,871",未找到,https://www.nio.cn/nio-power
2026-08-13 16:54:07,"11,106,027,147,762,234,817",未找到,https://www.nio.cn/nio-power
2026-08-14 16:49:34,"2,249,030,699,837,495,593",未找到,https://www.nio.cn/nio-power
2026-08-15 16:20:20,"10,515,555,711,715,624,904",未找到,https://www.nio.cn/nio-power
2026-08-16 16:20:40,"16,858,473,002,167,229,066",未找到,https://www.nio.cn/nio-power
2026-08-17 16:24:03,"11,020,258,659,906,531,263",未找到,https://www.nio.cn/nio-power
2026-08-20 16:31:08,"11,788,967,524,572,822,339",未找到,https://www.nio.cn/nio-power
2026-08-21 16:30:23,"12,718,277,814,342,127,766",未找到,https://www.nio.cn/nio-power
